manufacture_style,Code,product_name,大分類,中分類,小分類
MDH74TA/A,0013031120,M5 MBA 13 8GP 16G 512 銀 MDH74,CPU,MBA 13 M5,MacBook Air M5 16G 512G 銀
MDHA4TA/A,0013031123,M5 MBA 13 8GP 16G 512 星 MDHA4,CPU,MBA 13 M5,MacBook Air M5 16G 512G 星
MDHE4TA/A,0013031126,M5 MBA 13 8GP 16G 512 午 MDHE4,CPU,MBA 13 M5,MacBook Air M5 16G 512G 午
MDHH4TA/A,0013031129,M5 MBA 13 8GP 16G 512 藍 MDHH4,CPU,MBA 13 M5,MacBook Air M5 16G 512G 藍
MDV94TA/A,0013031132,M5 MBA 15 16G 512 銀 MDV94,CPU,MBA 15 M5,MacBook Air M5 16G 512G 銀
MDVD4TA/A,0013031135,M5 MBA 15 16G 512 星光 MDVD4,CPU,MBA 15 M5,MacBook Air M5 16G 512G 星
MDVH4TA/A,0013031138,M5 MBA 15 16G 512 午 MDVH4,CPU,MBA 15 M5,MacBook Air M5 16G 512G 午
MDVQ4TA/A,0013031141,M5 MBA 15 16G 512 藍 MDVQ4,CPU,MBA 15 M5,MacBook Air M5 16G 512G 藍
MHFA4TA/A,0013031181,MBN 13 8G 256GB 銀 MHFA4,CPU,MBN,Macbook Neo 256G 銀
MHFD4TA/A,0013031182,MBN 13 8G 256GB 青橘黃 MHFD4,CPU,MBN,Macbook Neo 256G 黃
MHFF4TA/A,0013031183,MBN 13 8G 256GB 靛青 MHFF4,CPU,MBN,Macbook Neo 256G 青
MHFH4TA/A,0013031184,MBN 13 8G 256GB 胭粉 MHFH4,CPU,MBN,Macbook Neo 256G 粉
MHFC4TA/A,0013031185,MBN 13 8G 512GB 銀 MHFC4,CPU,MBN,Macbook Neo 512G 銀
MHFE4TA/A,0013031186,MBN 13 8G 512GB 青橘黃 MHFE4,CPU,MBN,Macbook Neo 512G 黃
MHFG4TA/A,0013031187,MBN 13 8G 512GB 靛青 MHFG4,CPU,MBN,Macbook Neo 512G 青
MHFJ4TA/A,0013031188,MBN 13 8G 512GB 胭粉 MHFJ4,CPU,MBN,Macbook Neo 512G 粉
MDE14TA/A,0013030483,MBP 14 10C/16GB/1TB 黑 MDE14,CPU,MBP 14 M5,MacBook Pro M5 16G 1T 黑
MDE34TA/A,0013030484,MBP 14 10C/24GB/1TB 黑 MDE34,CPU,MBP 14 M5,MacBook Pro M5 24G 1T 黑
MDE54TA/A,0013030486,MBP 14 10C/16GB/1TB 銀 MDE54,CPU,MBP 14 M5,MacBook Pro M5 16G 1T 銀
MDE64TA/A,0013030487,MBP 14 10C/24GB/1TB 銀 MDE64,CPU,MBP 14 M5,MacBook Pro M5 24G 1T 銀
MJ3D4TA/A,0013031158,M5 MBP 14 32G 1TB 黑 MJ3D4,CPU,MBP 14 M5,MacBook Pro M5 32G 1T 黑
MJ3E4TA/A,0013031159,M5 MBP 14 32G 1TB 銀 MJ3E4,CPU,MBP 14 M5,MacBook Pro M5 32G 1T 銀
MH304TA/A,0013030984,iPad Air 11 WF 128 灰 MH304,iPad,iPad Air 11in M4,WiFi iPad Air 11 灰
MH314TA/A,0013030985,iPad Air 11 WF 128 藍 MH314,iPad,iPad Air 11in M4,WiFi iPad Air 11 藍
MH334TA/A,0013030986,iPad Air 11 WF 128 星光 MH334,iPad,iPad Air 11in M4,WiFi iPad Air 11 星
MH344TA/A,0013030987,iPad Air 11 WF 128 紫 MH344,iPad,iPad Air 11in M4,WiFi iPad Air 11 紫
MH354TA/A,0013030988,iPad Air 11 WF 256 灰 MH354,iPad,iPad Air 11in M4,WiFi iPad Air 11 灰
MH364TA/A,0013030989,iPad Air 11 WF 256 藍 MH364,iPad,iPad Air 11in M4,WiFi iPad Air 11 藍
MH374TA/A,0013030990,iPad Air 11 WF 256 星光 MH374,iPad,iPad Air 11in M4,WiFi iPad Air 11 星
MH394TA/A,0013030991,iPad Air 11 WF 256 紫 MH394,iPad,iPad Air 11in M4,WiFi iPad Air 11 紫
MD3Y4TA/A,0013028574,iPad 11 WiFi 128 銀 MD3Y4,iPad,iPad(A16),WiFi iPad 11 銀
MD4A4TA/A,0013028575,iPad 11 WiFi 128 藍 MD4A4,iPad,iPad(A16),WiFi iPad 11 藍
MD4D4TA/A,0013028576,iPad 11 WiFi 128 黃 MD4D4,iPad,iPad(A16),WiFi iPad 11 黃
MD4E4TA/A,0013028577,iPad 11 WiFi 128 粉 MD4E4,iPad,iPad(A16),WiFi iPad 11 粉
MHQL4TA/A,0013031688,M6 Mac mini 12核 16G 512 MHQL4,CPU,MAC MINI,Mac mini M6 512G
MHQM4TA/A,0013031689,M6 Mac mini 12核 24G 512 MHQM4,CPU,MAC MINI,Mac mini M6 512G
MG6J4ZP/A,0013029776,iPhone 17 256G 黑 MG6J4,iPhone,iPhone 17,iPhone 17 黑
MG6K4ZP/A,0013029777,iPhone 17 256G 白 MG6K4,iPhone,iPhone 17,iPhone 17 白
MG6L4ZP/A,0013029778,iPhone 17 256G 霧藍 MG6L4,iPhone,iPhone 17,iPhone 17 藍
MG6M4ZP/A,0013029779,iPhone 17 256G 薰衣紫 MG6M4,iPhone,iPhone 17,iPhone 17 紫
MG6N4ZP/A,0013029780,iPhone 17 256G 鼠尾綠 MG6N4,iPhone,iPhone 17,iPhone 17 綠
MJRP4ZP/A,0013032469,iPhone 18 Pro 256 黑 MJRP4,iPhone,iPhone 18 Pro,iPhone 18 Pro 黑
MJRQ4ZP/A,0013032470,iPhone 18 Pro 256 銀 MJRQ4,iPhone,iPhone 18 Pro,iPhone 18 Pro 銀
MJRR4ZP/A,0013032471,iPhone 18 Pro 256 紅 MJRR4,iPhone,iPhone 18 Pro,iPhone 18 Pro 紅
MJRT4ZP/A,0013032472,iPhone 18 Pro 256 藍 MJRT4,iPhone,iPhone 18 Pro,iPhone 18 Pro 藍
MJRU4ZP/A,0013032473,iPhone 18 Pro 512 黑 MJRU4,iPhone,iPhone 18 Pro,iPhone 18 Pro 黑
MJRV4ZP/A,0013032474,iPhone 18 Pro 512 銀 MJRV4,iPhone,iPhone 18 Pro,iPhone 18 Pro 銀
MJRW4ZP/A,0013032475,iPhone 18 Pro 512 紅 MJRW4,iPhone,iPhone 18 Pro,iPhone 18 Pro 紅
MJRX4ZP/A,0013032476,iPhone 18 Pro 512 藍 MJRX4,iPhone,iPhone 18 Pro,iPhone 18 Pro 藍
MJXN4ZP/A,0013032485,iPhone 18 Pro Max 256 黑 MJXN4,iPhone,iPhone 18 Pro Max,iPhone 18 Pro Max 黑
MJXP4ZP/A,0013032486,iPhone 18 Pro Max 256 銀 MJXP4,iPhone,iPhone 18 Pro Max,iPhone 18 Pro Max 銀
MJXQ4ZP/A,0013032487,iPhone 18 Pro Max 256 紅 MJXQ4,iPhone,iPhone 18 Pro Max,iPhone 18 Pro Max 紅
MJXR4ZP/A,0013032488,iPhone 18 Pro Max 256 藍 MJXR4,iPhone,iPhone 18 Pro Max,iPhone 18 Pro Max 藍
MJXT4ZP/A,0013032489,iPhone 18 Pro Max 512 黑 MJXT4,iPhone,iPhone 18 Pro Max,iPhone 18 Pro Max 黑
MJXU4ZP/A,0013032490,iPhone 18 Pro Max 512 銀 MJXU4,iPhone,iPhone 18 Pro Max,iPhone 18 Pro Max 銀
MJXV4ZP/A,0013032491,iPhone 18 Pro Max 512 紅 MJXV4,iPhone,iPhone 18 Pro Max,iPhone 18 Pro Max 紅
MJXW4ZP/A,0013032492,iPhone 18 Pro Max 512 藍 MJXW4,iPhone,iPhone 18 Pro Max,iPhone 18 Pro Max 藍
MJKR4TA/A,0013032511,AW SE3 40 星/沙帶 S/M MJKR4,Apple Watch,SE 3-GPS,40MM Sport
MJKW4TA/A,0013032512,AW SE3 40 星/沙帶 M/L MJKW4,Apple Watch,SE 3-GPS,40MM Sport
MJKY4TA/A,0013032513,AW SE3 40 午/海藍帶 S/M MJKY4,Apple Watch,SE 3-GPS,40MM Sport
MJL14TA/A,0013032514,AW SE3 40 午/海藍帶 M/L MJL14,Apple Watch,SE 3-GPS,40MM Sport
MJL34TA/A,0013032515,AW SE3 44 星/沙帶 S/M MJL34,Apple Watch,SE 3-GPS,44MM Sport
MJL54TA/A,0013032516,AW SE3 44 星/沙帶 M/L MJL54,Apple Watch,SE 3-GPS,44MM Sport
MJL74TA/A,0013032517,AW SE3 44 午/海藍帶 S/M MJL74,Apple Watch,SE 3-GPS,44MM Sport
MJL94TA/A,0013032518,AW SE3 44 午/海藍帶 M/L MJL94,Apple Watch,SE 3-GPS,44MM Sport
MJLC4TA/A,0013032519,AW SE3 CL 40 星/沙帶 S/M MJLC4,Apple Watch,SE 3-Cell,40MM Sport
MJLE4TA/A,0013032520,AW SE3 CL 40 星/沙帶 M/L MJLE4,Apple Watch,SE 3-Cell,40MM Sport
MJLG4TA/A,0013032521,AW SE3 CL 40 午/海藍帶 S MJLG4,Apple Watch,SE 3-Cell,40MM Sport
MJLJ4TA/A,0013032522,AW SE3 CL 40 午/海藍帶 L MJLJ4,Apple Watch,SE 3-Cell,40MM Sport
MJLL4TA/A,0013032523,AW SE3 CL 44 星/沙帶 S/M MJLL4,Apple Watch,SE 3-Cell,44MM Sport
MJLN4TA/A,0013032524,AW SE3 CL 44 星/沙帶 M/L MJLN4,Apple Watch,SE 3-Cell,44MM Sport
MJLQ4TA/A,0013032525,AW SE3 CL 44 午/海藍帶 S MJLQ4,Apple Watch,SE 3-Cell,44MM Sport
MJLT4TA/A,0013032526,AW SE3 CL 44 午/海藍帶 L MJLT4,Apple Watch,SE 3-Cell,44MM Sport
MJE74TA/A,0013032527,AW S12 42 灰鋁/海藍帶 S MJE74,Apple Watch,S12-GPS,42MM Sport
MJE94TA/A,0013032528,AW S12 42 灰鋁/海藍帶 L MJE94,Apple Watch,S12-GPS,42MM Sport
MJEA4TA/A,0013032529,AW S12 42 黑鋁/黑帶 S/M MJEA4,Apple Watch,S12-GPS,42MM Sport
MJEC4TA/A,0013032530,AW S12 42 黑鋁/黑帶 M/L MJEC4,Apple Watch,S12-GPS,42MM Sport
MJED4TA/A,0013032531,AW S12 42 金鋁/沙帶 S/M MJED4,Apple Watch,S12-GPS,42MM Sport
MJEE4TA/A,0013032532,AW S12 42 金鋁/沙帶 M/L MJEE4,Apple Watch,S12-GPS,42MM Sport
MJEF4TA/A,0013032533,AW S12 42 銅鋁/橄欖帶 S MJEF4,Apple Watch,S12-GPS,42MM Sport
MJEG4TA/A,0013032534,AW S12 42 銅鋁/橄欖帶 L MJEG4,Apple Watch,S12-GPS,42MM Sport
MJEH4TA/A,0013032535,AW S12 46 灰鋁/海藍帶 S MJEH4,Apple Watch,S12-GPS,46MM Sport
MJEJ4TA/A,0013032536,AW S12 46 灰鋁/海藍帶 L MJEJ4,Apple Watch,S12-GPS,46MM Sport
MJEK4TA/A,0013032537,AW S12 46 黑鋁/黑帶 S/M MJEK4,Apple Watch,S12-GPS,46MM Sport
MJEL4TA/A,0013032538,AW S12 46 黑鋁/黑帶 M/L MJEL4,Apple Watch,S12-GPS,46MM Sport
MJEN4TA/A,0013032539,AW S12 46 金鋁/沙帶 S/M MJEN4,Apple Watch,S12-GPS,46MM Sport
MJEP4TA/A,0013032540,AW S12 46 金鋁/沙帶 M/L MJEP4,Apple Watch,S12-GPS,46MM Sport
MJEQ4TA/A,0013032541,AW S12 46 銅鋁/橄欖帶 S MJEQ4,Apple Watch,S12-GPS,46MM Sport
MJEU4TA/A,0013032542,AW S12 46 銅鋁/橄欖帶 L MJEU4,Apple Watch,S12-GPS,46MM Sport
MJFX4TA/A,0013032543,AW S12 CL 42 灰鋁/海藍帶 S MJFX4,Apple Watch,S12-Cell,42MM Sport
MJFY4TA/A,0013032544,AW S12 CL 42 灰鋁/海藍帶 L MJFY4,Apple Watch,S12-Cell,42MM Sport
MJG04TA/A,0013032545,AW S12 CL 42 黑鋁/黑帶 S MJG04,Apple Watch,S12-Cell,42MM Sport
MJG14TA/A,0013032546,AW S12 CL 42 黑鋁/黑帶 L MJG14,Apple Watch,S12-Cell,42MM Sport
MJG24TA/A,0013032547,AW S12 CL 42 金鋁/沙帶 S MJG24,Apple Watch,S12-Cell,42MM Sport
MJG34TA/A,0013032548,AW S12 CL 42 金鋁/沙帶 L MJG34,Apple Watch,S12-Cell,42MM Sport
MJG44TA/A,0013032549,AW S12 CL 42 銅鋁/橄欖帶 S MJG44,Apple Watch,S12-Cell,42MM Sport
MJG54TA/A,0013032550,AW S12 CL 42 銅鋁/橄欖帶 L MJG54,Apple Watch,S12-Cell,42MM Sport
MJG64TA/A,0013032551,AW S12 CL 46 灰鋁/海藍帶 S MJG64,Apple Watch,S12-Cell,46MM Sport
MJG74TA/A,0013032552,AW S12 CL 46 灰鋁/海藍帶 L MJG74,Apple Watch,S12-Cell,46MM Sport
MJG84TA/A,0013032553,AW S12 CL 46 黑鋁/黑帶 S MJG84,Apple Watch,S12-Cell,46MM Sport
MJG94TA/A,0013032554,AW S12 CL 46 黑鋁/黑帶 L MJG94,Apple Watch,S12-Cell,46MM Sport
MJGA4TA/A,0013032555,AW S12 CL 46 金鋁/沙帶 S MJGA4,Apple Watch,S12-Cell,46MM Sport
MJGC4TA/A,0013032556,AW S12 CL 46 金鋁/沙帶 L MJGC4,Apple Watch,S12-Cell,46MM Sport
MJGD4TA/A,0013032557,AW S12 CL 46 銅鋁/橄欖帶 S MJGD4,Apple Watch,S12-Cell,46MM Sport
MJGE4TA/A,0013032558,AW S12 CL 46 銅鋁/橄欖帶 L MJGE4,Apple Watch,S12-Cell,46MM Sport
MJGF4TA/A,0013032559,AW S12 CL 42 原鈦/海藍帶 S MJGF4,Apple Watch,S12-鈦金屬,42MM 鈦金屬
MJGG4TA/A,0013032560,AW S12 CL 42 原鈦/海藍帶 L MJGG4,Apple Watch,S12-鈦金屬,42MM 鈦金屬
MJGH4TA/A,0013032561,AW S12 CL 42 原鈦/原米蘭MJGH4,Apple Watch,S12-鈦金屬,42MM 鈦金屬
MJGJ4TA/A,0013032562,AW S12 CL 42 金鈦/勃紅帶 S MJGJ4,Apple Watch,S12-鈦金屬,42MM 鈦金屬
MJGK4TA/A,0013032563,AW S12 CL 42 金鈦/勃紅帶 L MJGK4,Apple Watch,S12-鈦金屬,42MM 鈦金屬
MJGL4TA/A,0013032564,AW S12 CL 42 金鈦/金米蘭 MJGL4,Apple Watch,S12-鈦金屬,42MM 鈦金屬
MJGM4TA/A,0013032565,AW S12 CL 46 原鈦/海藍帶 S MJGM4,Apple Watch,S12-鈦金屬,46MM 鈦金屬
MJGN4TA/A,0013032566,AW S12 CL 46 原鈦/海藍帶 L MJGN4,Apple Watch,S12-鈦金屬,46MM 鈦金屬
MJGP4TA/A,0013032567,AW S12 CL 46 原鈦/原米蘭 S MJGP4,Apple Watch,S12-鈦金屬,46MM 鈦金屬
MJGQ4TA/A,0013032568,AW S12 CL 46 原鈦/原米蘭 L MJGQ4,Apple Watch,S12-鈦金屬,46MM 鈦金屬
MJGR4TA/A,0013032569,AW S12 CL 46 金鈦/勃紅帶 S MJGR4,Apple Watch,S12-鈦金屬,46MM 鈦金屬
MJGT4TA/A,0013032570,AW S12 CL 46 金鈦/勃紅帶 L MJGT4,Apple Watch,S12-鈦金屬,46MM 鈦金屬
MJGU4TA/A,0013032571,AW S12 CL 46 金鈦/金米蘭 S MJGU4,Apple Watch,S12-鈦金屬,46MM 鈦金屬
MJGV4TA/A,0013032572,AW S12 CL 46 金鈦/金米蘭 L MJGV4,Apple Watch,S12-鈦金屬,46MM 鈦金屬
MJGW4TA/A,0013032573,AW S12 CL 42 白陶/沙帶 S MJGW4,Apple Watch,S12-陶瓷,42MM 精密陶瓷
MJGX4TA/A,0013032574,AW S12 CL 42 白陶/沙帶 L MJGX4,Apple Watch,S12-陶瓷,42MM 精密陶瓷
MJGY4TA/A,0013032575,AW S12 CL 42 藍陶/海藍帶 S MJGY4,Apple Watch,S12-陶瓷,42MM 精密陶瓷
MJH04TA/A,0013032576,AW S12 CL 42 藍陶/海藍帶 L MJH04,Apple Watch,S12-陶瓷,42MM 精密陶瓷
MJH14TA/A,0013032577,AW S12 CL 46 白陶/沙帶 S MJH14,Apple Watch,S12-陶瓷,46MM 精密陶瓷
MJH24TA/A,0013032578,AW S12 CL 46 白陶/沙帶 L MJH24,Apple Watch,S12-陶瓷,46MM 精密陶瓷
MJH34TA/A,0013032579,AW S12 CL 46 藍陶/海藍帶 S MJH34,Apple Watch,S12-陶瓷,46MM 精密陶瓷
MJH44TA/A,0013032580,AW S12 CL 46 藍陶/海藍帶 L MJH44,Apple Watch,S12-陶瓷,46MM 精密陶瓷
MKD74TA/A,0013032581,AW S12 46 銅鋁/銅米蘭 S MKD74,Apple Watch,S12-GPS,46MM 米蘭
MKD84TA/A,0013032582,AW S12 46 銅鋁/銅米蘭 L MKD84,Apple Watch,S12-GPS,46MM 米蘭
MKDC4TA/A,0013032583,AW S12 42 銅鋁/銅米蘭 MKDC4,Apple Watch,S12-GPS,42MM 米蘭
MKDF4TA/A,0013032584,AW S12 CL 46 銅鋁/銅米蘭 S MKDF4,Apple Watch,S12-Cell,46MM 米蘭
MKDG4TA/A,0013032585,AW S12 CL 46 銅鋁/銅米蘭 L MKDG4,Apple Watch,S12-Cell,46MM 米蘭
MKDK4TA/A,0013032586,AW S12 CL 42 銅鋁/銅米蘭 MKDK4,Apple Watch,S12-Cell,42MM 米蘭
MJA84TA/A,0013032587,AW Ultra 49 原/原米蘭 S MJA84,Apple Watch,Ultra 4,49MM 不鏽鋼
MJA94TA/A,0013032588,AW Ultra 49 原/原米蘭 M MJA94,Apple Watch,Ultra 4,49MM 不鏽鋼
MJAA4TA/A,0013032589,AW Ultra 49 原/原米蘭 L MJAA4,Apple Watch,Ultra 4,49MM 不鏽鋼
MJAD4TA/A,0013032590,AW Ultra 49 原/海洋灰 MJAD4,Apple Watch,Ultra 4,49MM Sport
MJAE4TA/A,0013032591,AW Ultra 49 原/高山沙環 S MJAE4,Apple Watch,Ultra 4,49MM Loop
MJAF4TA/A,0013032592,AW Ultra 49 原/高山沙環 M MJAF4,Apple Watch,Ultra 4,49MM Loop
MJAG4TA/A,0013032593,AW Ultra 49 原/高山沙環 L MJAG4,Apple Watch,Ultra 4,49MM Loop
MJAJ4TA/A,0013032594,AW Ultra 49 原/越沙環 S/M MJAJ4,Apple Watch,Ultra 4,49MM Loop
MJAQ4TA/A,0013032595,AW Ultra 49 原/越沙環 M/L MJAQ4,Apple Watch,Ultra 4,49MM Loop
MJAU4TA/A,0013032596,AW Ultra 49 黑/黑米蘭 S MJAU4,Apple Watch,Ultra 4,49MM 不鏽鋼
MJAV4TA/A,0013032597,AW Ultra 49 黑/黑米蘭 M MJAV4,Apple Watch,Ultra 4,49MM 不鏽鋼
MJAX4TA/A,0013032598,AW Ultra 49 黑/黑米蘭 L MJAX4,Apple Watch,Ultra 4,49MM 不鏽鋼
MJAY4TA/A,0013032599,AW Ultra 49 黑/海洋黑 MJAY4,Apple Watch,Ultra 4,49MM Sport
MJC04TA/A,0013032600,AW Ultra 49 黑/高山紅帶 S MJC04,Apple Watch,Ultra 4,49MM Loop
MJC14TA/A,0013032601,AW Ultra 49 黑/高山紅帶 M MJC14,Apple Watch,Ultra 4,49MM Loop
MJC24TA/A,0013032602,AW Ultra 49 黑/高山紅帶 L MJC24,Apple Watch,Ultra 4,49MM Loop
MJC34TA/A,0013032603,AW Ultra 49 黑/越紅帶 S/M MJC34,Apple Watch,Ultra 4,49MM Loop
MJC44TA/A,0013032604,AW Ultra 49 黑/越紅帶 M/L MJC44,Apple Watch,Ultra 4,49MM Loop